last_name, first_name,player_id,attempts,avg_hit_angle,anglesweetspotpercent,max_hit_speed,avg_hit_speed,fbld,gb,max_distance,avg_distance,avg_hr_distance,ev95plus,ev95percent,barrels,brl_percent,brl_pa
Stanton, Giancarlo,519317,416,11.6,30.0,121.7,93.7,99.7,91.6,458,175,405,211,50.7,63,15.1,8.9
Sanchez, Gary,596142,231,14.2,29.4,121.1,90.3,97.7,85.9,461,171,413,96,41.6,32,13.9,8.6
Judge, Aaron,592450,266,12.4,35.7,119.9,94.7,97.7,92.1,471,183,397,144,54.1,43,16.2,8.6
Palka, Daniel,594953,264,11.5,28.4,118.4,92.4,97.3,90.1,448,172,410,130,49.2,38,14.4,8.5
Gonzalez, Carlos,471865,353,9.0,30.0,118.3,89.4,92.2,88.8,473,160,420,138,39.1,22,6.2,4.4
Trout, Mike,545361,351,18.5,41.0,118.0,91.2,95.9,85.3,459,212,407,162,46.2,58,16.5,9.5
Gallo, Joey,608336,293,21.5,37.5,117.5,93.9,99.8,85.2,472,225,409,143,48.8,66,22.5,11.4
Ozuna, Marcell,542303,476,10.8,30.5,117.2,91.5,94.9,90.1,479,165,415,213,44.7,46,9.7,7.3
Mazara, Nomar,608577,376,5.3,28.2,117.1,90.5,94.2,89.2,449,149,416,162,43.1,32,8.5,6.0
Schwarber, Kyle,656941,291,11.5,34.0,117.1,90.0,95.6,85.9,444,177,404,131,45.0,37,12.7,7.3
Cruz, Nelson,443558,400,12.8,31.3,117.0,93.9,97.2,92.7,465,180,411,205,51.3,55,13.8,9.3
Garcia, Avisail,541645,259,9.6,26.6,116.7,90.3,95.8,86.8,481,163,400,112,43.2,30,11.6,7.8
Martinez, J.D.,502110,430,10.7,40.0,116.7,93.0,96.7,89.2,443,184,398,225,52.3,69,16.0,10.6
Alfaro, Jorge,595751,207,8.2,35.3,116.6,91.6,94.5,89.8,446,166,420,91,44.0,22,10.6,5.8
Devers, Rafael,646240,331,11.0,30.2,116.3,90.7,95.4,89.4,447,166,399,138,41.7,30,9.1,6.1
Braun, Ryan,460075,323,5.8,36.2,116.3,91.9,97.4,87.2,443,168,401,160,49.5,35,10.8,7.8
Zunino, Mike,572287,225,17.8,33.3,116.0,89.5,97.1,82.4,454,188,404,101,44.9,31,13.8,7.7
Bell, Josh,605137,402,9.2,29.6,115.6,89.9,94.1,88.0,432,160,402,155,38.6,27,6.7,4.6
Abreu, Jose,547989,396,12.2,35.4,115.5,91.3,95.1,89.1,451,178,407,179,45.2,36,9.1,6.5
Bour, Justin,571506,302,9.7,33.4,115.5,88.7,95.6,84.8,437,167,405,117,38.7,31,10.3,6.2
Reyes, Franmil,614177,181,6.7,28.7,115.4,92.3,96.4,90.0,477,153,404,86,47.5,21,11.6,7.4
Chapman, Matt,656305,403,14.6,30.5,115.3,93.1,96.1,92.8,434,182,397,192,47.6,36,8.9,5.8
Puig, Yasiel,624577,320,12.4,34.1,115.3,89.4,93.7,87.5,463,177,413,129,40.3,34,10.6,7.7
Davidson, Matt,571602,272,13.8,36.0,115.1,90.0,95.8,86.6,450,187,400,115,42.3,33,12.1,6.7
Harper, Bryce,547180,390,13.9,35.4,115.1,90.6,96.3,84.8,473,187,409,176,45.1,45,11.5,6.5
Marte, Ketel,606466,444,5.7,29.3,115.1,88.6,92.0,87.4,465,146,405,162,36.5,22,5.0,3.8
Mancini, Trey,641820,434,5.5,27.6,115.0,89.9,95.0,86.9,438,147,387,182,41.9,51,11.8,8.0
Upton, Justin,457708,363,11.8,34.7,114.9,90.8,96.8,85.9,443,185,403,172,47.4,51,14.0,8.3
Peralta, David,444482,438,6.7,32.9,114.8,91.5,95.4,90.0,449,164,400,200,45.7,34,7.8,5.5
Machado, Manny,592518,533,14.4,33.8,114.8,91.6,95.1,90.1,444,184,403,257,48.2,60,11.3,8.5
Herrera, Odubel,546318,430,12.2,29.1,114.7,86.3,89.8,85.4,453,163,394,135,31.4,21,4.9,3.5
Springer, George,543807,425,9.4,30.1,114.7,88.6,93.2,86.1,462,157,410,156,36.7,38,8.9,6.1
Shaw, Travis,543768,397,16.6,31.2,114.6,88.4,93.1,85.4,452,191,402,150,37.8,41,10.3,7.0
Sano, Miguel,593934,153,12.9,26.8,114.6,90.3,96.1,84.7,455,178,400,65,42.5,18,11.8,6.0
Altherr, Aaron,571437,154,10.3,31.2,114.6,90.5,96.9,87.5,421,169,398,71,46.1,15,9.7,5.3
Franco, Maikel,596748,374,9.5,29.7,114.5,88.1,91.8,88.0,435,153,394,128,34.2,25,6.7,5.4
Lindor, Francisco,596019,560,14.5,34.6,114.5,90.2,94.3,87.4,445,189,400,228,40.7,53,9.5,7.1
Iannetta, Chris,455104,216,13.1,37.0,114.5,91.7,95.9,87.0,469,189,421,92,42.6,20,9.3,5.6
Cron, C.J.,543068,361,15.2,34.3,114.4,88.0,93.9,85.4,464,181,408,132,36.6,44,12.2,7.9
Moreland, Mitch,519048,307,11.4,33.9,114.3,90.8,95.1,86.4,443,184,417,136,44.3,36,11.7,7.8
Marte, Jefry,527043,153,6.0,24.8,114.2,88.2,91.0,88.5,446,134,404,56,36.6,7,4.6,3.3
Winker, Jesse,608385,237,13.1,33.3,114.1,90.3,95.5,86.7,438,173,389,100,42.2,15,6.3,4.5
Grichuk, Randal,545341,305,18.5,35.1,114.1,90.6,95.9,86.8,471,201,403,131,43.0,44,14.4,9.5
Duda, Lucas,446263,229,19.6,42.8,114.1,89.5,92.5,86.0,436,212,407,84,36.7,23,10.0,6.3
Soler, Jorge,624585,156,11.0,31.4,114.1,89.6,96.3,84.2,444,169,405,64,41.0,16,10.3,6.2
Contreras, Willson,575929,357,6.8,28.9,114.1,87.0,92.9,83.5,435,155,392,119,33.3,26,7.3,4.8
Frazier, Todd,453943,304,18.6,32.2,114.1,89.5,93.7,87.5,437,194,395,110,36.2,21,6.9,4.4
Acuna Jr., Ronald,660670,313,12.9,34.2,114.0,90.8,95.3,87.1,452,181,410,146,46.6,42,13.4,8.6
Ohtani, Shohei,660271,225,12.3,35.6,113.9,92.6,97.8,88.0,449,180,413,113,50.2,36,16.0,9.8
Sandoval, Pablo,467055,179,9.3,32.4,113.9,89.6,94.3,87.6,447,159,392,66,36.9,9,5.0,3.6
Pederson, Joc,592626,314,15.4,30.6,113.9,91.1,94.6,89.4,437,191,391,126,40.1,26,8.3,5.9
Martinez, Jose,500874,435,8.0,37.5,113.8,90.7,94.1,87.8,436,170,404,191,43.9,41,9.4,6.9
Soto, Juan,665742,316,5.5,30.1,113.7,89.4,97.4,84.6,440,152,395,133,42.1,31,9.8,6.3
Renfroe, Hunter,592669,299,18.4,29.1,113.7,89.9,97.4,85.2,438,183,402,130,43.5,37,12.4,8.4
Baez, Javier,595879,444,9.2,33.6,113.7,89.6,96.8,84.5,481,174,404,191,43.0,56,12.6,8.7
Yelich, Christian,592885,441,4.7,36.7,113.6,92.3,97.2,89.0,441,160,407,224,50.8,57,12.9,8.8
Brinson, Lewis,621446,264,6.9,27.3,113.6,89.1,93.7,86.4,450,150,414,102,38.6,23,8.7,5.7
Pence, Hunter,452254,178,5.8,28.1,113.6,87.9,91.5,86.7,445,141,417,59,33.1,9,5.1,3.6
Bader, Harrison,664056,260,12.4,34.2,113.6,86.0,91.6,81.7,431,177,403,80,30.8,18,6.9,4.2
Santana, Carlos,467793,475,15.1,30.5,113.5,88.9,93.3,87.6,445,174,399,187,39.4,34,7.2,5.0
Cano, Robinson,429664,265,8.3,37.4,113.4,93.1,95.0,92.5,419,163,399,137,51.7,23,8.7,6.6
Engel, Adam,641553,308,12.5,27.6,113.4,84.8,91.7,80.2,423,169,399,99,32.1,8,2.6,1.7
Trumbo, Mark,444432,245,10.3,33.1,113.4,92.8,95.9,92.5,444,171,400,118,48.2,25,10.2,7.0
Valencia, Danny,502143,207,9.0,35.3,113.4,90.6,94.3,88.2,443,168,409,83,40.1,16,7.7,5.7
Williams, Nick,608384,296,10.3,37.2,113.3,88.5,90.7,87.5,439,173,401,109,36.8,20,6.8,4.5
Anderson, Brian,605119,463,8.7,29.2,113.3,90.3,93.0,89.6,434,150,398,196,42.3,27,5.8,4.0
Olson, Matt,621566,419,17.8,35.1,113.3,93.1,97.4,90.3,475,190,408,218,52.0,51,12.2,7.7
Ramos, Wilson,467092,304,4.4,34.2,113.3,91.2,95.4,89.1,447,150,396,143,47.0,23,7.6,5.5
Gomez, Carlos,460576,259,18.2,33.2,113.2,85.0,89.7,82.1,424,177,398,77,29.7,13,5.0,3.2
Solarte, Yangervis,500208,400,13.9,30.0,113.2,87.0,90.7,85.6,459,161,403,128,32.0,18,4.5,3.6
Moncada, Yoan,660162,365,15.1,36.4,113.1,90.6,94.2,87.1,433,191,397,161,44.1,35,9.6,5.4
Dozier, Hunter,641531,254,13.2,33.5,112.9,89.5,93.7,86.1,439,184,402,101,39.8,27,10.6,7.0
Martin, Leonys,547982,243,16.2,34.6,112.9,86.8,92.4,82.4,421,188,392,94,38.7,26,10.7,7.4
Myers, Wil,571976,219,9.2,38.8,112.9,90.3,95.5,85.7,450,171,402,100,45.7,16,7.3,4.7
Austin, Tyler,592122,152,15.1,37.5,112.9,89.0,95.9,80.5,451,189,402,66,43.4,24,15.8,9.0
Diaz, Aledmys,649557,364,13.7,32.7,112.9,89.1,93.0,86.9,431,175,392,142,39.0,26,7.1,5.8
Bellinger, Cody,641355,409,16.1,32.0,112.9,89.7,95.4,86.4,443,183,405,156,38.1,35,8.6,5.5
Polanco, Gregory,570256,351,19.9,34.2,112.9,88.6,93.6,86.0,440,191,401,134,38.2,33,9.4,6.2
Margot, Manuel,622534,397,11.4,34.0,112.9,88.7,92.8,87.3,424,168,396,145,36.5,13,3.3,2.5
Goldschmidt, Paul,502671,420,15.7,37.1,112.9,90.8,95.9,87.0,450,191,400,184,43.8,57,13.6,8.3
Correa, Carlos,621043,302,11.6,33.1,112.8,88.2,93.7,84.5,455,164,402,101,33.4,21,7.0,4.5
Davis, Khris,501981,408,18.0,38.0,112.8,92.4,97.1,87.5,439,211,405,193,47.3,69,16.9,10.6
Haniger, Mitch,571745,455,12.7,36.5,112.8,90.2,94.2,87.4,443,174,400,195,42.9,47,10.3,6.9
Suarez, Eugenio,553993,391,14.7,38.6,112.8,91.2,93.0,89.8,451,192,400,178,45.5,38,9.7,6.3
Candelario, Jeimer,600869,384,15.2,32.3,112.7,87.2,91.8,85.2,440,173,400,128,33.3,24,6.3,3.9
Kepler, Max,596146,439,16.2,30.5,112.7,89.5,93.8,86.0,427,189,395,165,37.6,29,6.6,4.7
Morrison, Logan,489149,239,19.6,36.4,112.6,88.1,94.5,82.5,442,200,406,89,37.2,26,10.9,7.2
Rizzo, Anthony,519203,495,14.5,36.2,112.6,89.9,93.1,88.0,453,185,404,201,40.6,32,6.5,4.8
Odor, Rougned,596059,354,11.7,30.5,112.6,87.8,95.0,81.9,447,176,403,134,37.9,25,7.1,4.7
Story, Trevor,596115,434,15.7,38.2,112.5,90.7,95.0,86.6,505,201,422,198,45.6,55,12.7,8.4
Anderson, Tim,641313,423,10.5,33.3,112.5,85.6,90.6,81.7,414,161,384,118,27.9,20,4.7,3.3
Cain, Lorenzo,456715,447,4.9,30.9,112.4,89.1,91.0,88.6,431,139,402,181,40.5,15,3.4,2.4
Bradley Jr., Jackie,598265,341,12.0,35.2,112.4,91.8,96.3,88.0,438,179,401,169,49.6,35,10.3,6.5
Altuve, Jose,514888,459,9.4,34.0,112.4,86.3,92.3,81.2,443,159,399,154,33.6,27,5.9,4.5
Conforto, Michael,624424,388,11.9,36.3,112.4,87.9,93.5,83.6,472,173,395,142,36.6,37,9.5,5.8
Jones, JaCoby,592444,289,12.0,35.6,112.3,88.0,92.6,85.1,422,173,385,102,35.3,17,5.9,3.6
Turner, Trea,607208,534,8.2,29.0,112.3,87.8,92.5,84.9,427,157,396,206,38.6,31,5.8,4.2
Pinder, Chad,640461,212,13.3,37.3,112.3,90.3,95.9,85.6,424,185,403,90,42.5,30,14.2,9.0
Alonso, Yonder,475174,398,15.5,37.4,112.3,87.7,92.5,85.2,431,181,399,146,36.7,40,10.1,7.0
Moustakas, Mike,519058,476,19.6,31.3,112.2,89.3,93.0,88.6,438,187,398,186,39.1,42,8.8,6.6
Profar, Jurickson,595777,440,12.3,33.6,112.2,87.3,91.7,84.5,436,168,403,140,31.8,22,5.0,3.7
Hosmer, Eric,543333,472,-1.2,27.3,112.2,88.8,95.0,86.2,439,118,400,178,37.7,30,6.4,4.4
Encarnacion, Edwin,429665,375,18.1,35.2,112.2,89.9,94.3,85.9,434,192,401,154,41.1,44,11.7,7.6
Hernandez, Teoscar,606192,316,17.0,34.8,112.2,91.8,97.7,85.3,440,201,401,145,45.9,49,15.5,9.4
Diaz, Elias,553869,215,10.4,35.3,112.2,89.6,91.6,90.0,420,163,396,87,40.5,14,6.5,5.1
Pham, Tommy,502054,357,6.7,38.7,112.1,92.8,95.2,91.4,454,171,407,178,49.9,35,9.8,6.1
Pujols, Albert,405395,403,14.1,34.5,112.1,90.0,93.6,88.8,430,179,399,163,40.4,25,6.2,5.0
Perez, Salvador,521692,407,18.0,35.4,112.1,91.2,94.2,89.0,454,203,398,192,47.2,44,10.8,8.1
Pirela, Jose,517369,351,4.7,25.6,112.1,89.0,91.3,89.3,424,132,408,129,36.8,12,3.4,2.5
Miller, Brad,543543,150,10.9,37.3,112.0,90.8,94.6,87.0,436,192,414,74,49.3,16,10.7,6.3
Marte, Starling,516782,454,8.3,31.5,112.0,87.5,94.1,83.6,453,159,398,172,37.9,34,7.5,5.6
Desmond, Ian,435622,414,0.0,28.5,112.0,89.9,95.8,87.3,472,130,405,179,43.2,29,7.0,4.7
Hoskins, Rhys,656555,413,22.4,36.1,112.0,88.9,94.3,82.8,444,212,393,161,39.0,47,11.4,7.1
Healy, Ryon,592387,382,12.1,32.2,112.0,89.3,93.2,87.7,441,165,402,158,41.4,27,7.1,5.2
Herrera, Rosell,594011,224,2.2,32.1,112.0,87.2,90.9,84.9,414,134,342,72,32.1,5,2.2,1.7
Bautista, Jose,430832,215,19.3,35.3,111.9,90.8,95.2,88.5,429,192,391,92,42.8,17,7.9,4.3
Bogaerts, Xander,593428,417,12.7,32.9,111.9,90.5,95.1,87.8,436,169,407,173,41.5,41,9.8,7.1
Nunez, Renato,600524,176,16.1,28.4,111.9,88.9,93.0,88.3,425,173,397,63,35.8,15,8.5,5.7
Davis, Chris,448801,282,14.6,35.5,111.8,88.9,94.4,83.0,434,187,403,110,39.0,29,10.3,5.6
Wieters, Matt,446308,193,18.3,32.6,111.8,86.9,92.2,82.8,405,188,389,65,33.7,9,4.7,3.3
Gattis, Evan,594828,314,18.0,31.2,111.8,87.6,92.0,83.9,430,186,389,105,33.4,24,7.6,5.3
Segura, Jean,516416,526,7.4,30.0,111.7,87.1,90.3,85.7,420,145,398,169,32.1,19,3.6,3.0
Piscotty, Stephen,572039,437,13.1,34.6,111.6,88.5,93.4,84.4,443,175,394,168,38.4,42,9.6,6.9
Plawecki, Kevin,608700,175,10.8,28.0,111.6,86.7,91.1,84.8,410,162,390,62,35.4,8,4.6,2.9
Morales, Kendrys,434778,323,10.0,34.4,111.6,92.3,95.3,90.3,437,180,395,170,52.6,39,12.1,8.3
Travis, Devon,581527,293,7.8,31.7,111.5,88.3,92.0,87.0,428,147,393,108,36.9,15,5.1,4.0
Taylor, Chris,621035,362,16.4,40.6,111.5,88.6,92.5,84.2,440,196,399,138,38.1,31,8.6,5.1
Dickerson, Corey,572816,427,14.9,38.2,111.4,87.7,91.8,84.1,447,183,402,132,30.9,27,6.3,5.1
Cave, Jake,595909,186,10.0,41.4,111.4,88.4,93.7,82.2,443,186,419,71,38.2,27,14.5,8.7
McCann, James,543510,313,16.0,37.4,111.4,87.5,91.5,86.3,437,176,394,115,36.7,15,4.8,3.3
Romine, Austin,519222,179,9.4,33.5,111.4,88.0,91.9,86.4,440,154,389,68,38.0,9,5.0,3.4
Kemp, Matt,461314,354,15.8,44.1,111.4,89.6,94.1,83.9,427,195,409,136,38.4,40,11.3,7.9
Guzman, Ronald,608597,267,14.3,33.3,111.3,86.6,90.2,84.4,443,178,386,88,33.0,17,6.4,4.0
Beckham, Tim,542921,272,9.4,31.6,111.2,86.6,92.2,82.6,431,158,405,97,35.7,16,5.9,4.0
Munoz, Yairo,622168,224,4.4,31.3,111.2,87.2,93.4,82.6,411,146,387,66,29.5,9,4.0,2.7
Schoop, Jonathan,570731,363,11.1,30.9,111.2,86.2,90.0,84.8,446,156,393,111,30.6,18,5.0,3.6
Hicks, John,543308,206,13.9,33.0,111.2,87.2,92.1,84.5,426,176,397,70,34.0,12,5.8,3.8
Schebler, Scott,594988,283,8.6,32.9,111.1,90.2,94.1,88.0,449,161,406,120,42.4,30,10.6,7.0
Pillar, Kevin,607680,420,16.5,39.3,111.1,87.1,90.9,85.0,440,181,390,153,36.4,24,5.7,4.4
Grandal, Yasmani,518735,319,14.0,33.2,111.0,88.9,94.5,84.5,429,188,404,128,40.1,38,11.9,7.3
Dietrich, Derek,518618,361,15.7,34.1,111.0,87.4,90.8,86.2,448,170,396,136,37.7,22,6.1,4.0
Maybin, Cameron,457727,269,7.4,34.6,111.0,86.4,90.9,83.5,429,152,415,90,33.5,11,4.1,2.9
Garver, Mitch,641598,232,12.5,31.5,111.0,88.8,93.6,85.8,421,174,408,90,38.8,13,5.6,3.9
Nimmo, Brandon,607043,293,10.5,33.4,110.9,89.5,94.1,87.5,449,159,397,123,42.0,19,6.5,3.6
McCutchen, Andrew,457705,431,13.4,36.4,110.9,90.0,94.0,86.2,427,178,387,178,41.3,36,8.4,5.3
Freese, David,501896,211,7.2,34.6,110.9,90.3,93.1,88.8,435,160,391,95,45.0,19,9.0,6.1
Villar, Jonathan,542340,331,2.7,27.2,110.9,87.2,92.0,84.9,430,133,399,119,36.0,17,5.1,3.3
Thames, Eric,519346,150,19.2,34.7,110.8,90.9,94.9,85.5,416,206,396,64,42.7,25,16.7,9.0
Goodrum, Niko,592348,314,10.8,37.6,110.8,87.7,91.6,84.4,418,176,387,111,35.4,25,8.0,5.1
Zimmerman, Ryan,475582,235,7.1,28.9,110.8,92.6,97.8,89.0,443,164,406,124,52.8,32,13.6,9.9
Taylor, Michael A.,572191,239,6.2,27.2,110.8,86.5,93.1,82.0,425,153,392,81,33.9,15,6.3,3.9
Heyward, Jason,518792,384,9.5,29.7,110.8,88.1,91.2,88.3,423,161,393,148,38.5,11,2.9,2.2
Smoak, Justin,475253,352,14.9,37.2,110.7,89.5,94.3,84.6,420,186,389,146,41.5,37,10.5,6.2
Gurriel Jr., Lourdes,666971,193,10.3,35.2,110.7,90.3,92.4,88.1,450,177,396,87,45.1,15,7.8,5.7
Adames, Willy,642715,196,8.6,32.1,110.6,86.5,91.9,83.0,434,154,406,58,29.6,13,6.6,4.0
Betts, Mookie,605141,434,18.4,39.4,110.6,92.3,95.9,88.8,452,207,400,218,50.2,61,14.1,9.9
Muncy, Max,571970,266,17.8,38.0,110.6,90.1,95.0,84.6,445,206,399,122,45.9,45,16.9,9.4
Flowers, Tyler,452095,176,12.8,37.5,110.5,90.0,91.8,89.1,448,186,400,78,44.3,12,6.8,4.1
Happ, Ian,664023,222,14.0,39.2,110.5,90.0,93.4,87.8,437,194,400,90,40.5,27,12.2,5.8
Seager, Kyle,572122,449,18.4,37.0,110.5,89.7,92.6,87.3,424,197,385,178,39.6,25,5.6,4.0
Longoria, Evan,446334,384,13.6,32.6,110.4,88.5,93.0,85.7,435,177,399,142,37.0,29,7.6,5.7
Andujar, Miguel,609280,480,12.3,34.6,110.4,89.2,92.7,87.8,428,169,389,175,36.5,30,6.3,5.0
Blackmon, Charlie,453568,495,11.8,34.9,110.4,87.2,91.2,83.7,447,173,407,174,35.2,32,6.5,4.6
DeJong, Paul,657557,318,19.1,37.7,110.4,89.3,93.4,85.6,464,205,398,128,40.3,29,9.1,5.9
Hernandez, Enrique,571771,333,15.5,29.7,110.4,88.2,92.7,85.9,431,178,401,121,36.3,25,7.5,5.4
Castellanos, Nicholas,592206,472,15.2,45.3,110.3,89.5,93.6,84.8,426,197,384,190,40.3,51,10.8,7.5
Sanchez, Yolmer,570560,467,8.6,35.1,110.3,85.6,91.2,82.1,449,157,405,130,27.8,14,3.0,2.1
Cervelli, Francisco,465041,254,15.7,35.8,110.2,88.4,93.6,83.7,428,183,383,101,39.8,21,8.3,5.2
Kiermaier, Kevin,595281,245,6.2,26.1,110.2,84.5,90.7,81.4,416,143,394,71,29.0,11,4.5,3.0
Bryant, Kris,592178,285,17.7,38.2,110.2,85.8,91.3,78.8,448,186,406,96,33.7,27,9.5,5.9
Ramirez, Jose,608070,504,18.8,34.7,110.2,88.8,92.4,86.6,434,196,388,175,34.7,43,8.5,6.2
Nunez, Eduardo,456488,415,9.2,27.2,110.2,88.2,90.4,89.4,411,147,383,148,35.7,14,3.4,2.8
Mercer, Jordy,474568,311,13.0,41.2,110.1,87.4,90.6,85.1,443,174,401,97,31.2,15,4.8,3.4
Gonzalez, Marwin,503556,370,10.0,35.7,110.1,87.4,93.4,81.7,422,175,395,153,41.4,25,6.8,4.5
Wendle, Joey,621563,403,10.3,31.8,110.1,88.4,91.7,86.7,420,165,400,142,35.2,11,2.7,2.0
Gardner, Brett,458731,432,8.4,30.6,110.1,87.3,91.7,85.0,426,156,385,142,32.9,12,2.8,2.0
Almora Jr., Albert,546991,369,7.7,30.1,110.0,85.6,89.0,84.8,435,147,385,101,27.4,5,1.4,1.0
Bauers, Jake,641343,227,11.3,33.9,110.0,86.8,93.1,81.8,420,171,397,71,31.3,16,7.0,4.1
Villanueva, Christian,570799,248,20.9,34.3,110.0,86.7,90.6,85.2,434,188,392,75,30.2,24,9.7,6.3
Aguilar, Jesus,542583,359,16.1,38.2,110.0,89.7,93.8,85.1,433,197,395,152,42.3,41,11.4,7.2
Hicks, Aaron,543305,377,12.5,34.2,110.0,88.9,93.3,85.1,417,182,388,162,43.0,33,8.8,5.7
Rendon, Anthony,543685,455,17.7,39.8,109.9,90.6,93.7,88.7,430,200,395,203,44.6,47,10.3,7.9
Albies, Ozzie,645277,527,15.4,34.0,109.9,86.3,91.8,81.6,427,175,389,155,29.4,25,4.7,3.7
Souza Jr., Steven,519306,166,16.2,35.5,109.8,88.7,91.9,87.7,450,179,401,66,39.8,13,7.8,4.8
Realmuto, J.T.,592663,377,14.4,39.8,109.8,88.9,92.4,86.0,434,177,406,154,40.8,34,9.0,6.4
Andrus, Elvis,462101,331,8.8,30.8,109.7,87.2,90.0,86.3,428,152,404,101,30.5,14,4.2,3.3
Camargo, Johan,622666,359,12.5,31.2,109.7,88.0,91.0,86.8,431,165,389,120,33.4,18,5.0,3.4
Pina, Manny,444489,249,13.8,37.3,109.7,84.7,90.4,80.9,428,169,409,66,26.5,13,5.2,3.9
Simmons, Andrelton,592743,516,7.7,28.5,109.7,87.8,92.0,86.6,402,149,382,187,36.2,21,4.1,3.5
Freeman, Freddie,518692,492,14.5,44.9,109.6,89.1,93.7,83.0,441,190,402,196,39.8,46,9.3,6.5
Perez, Hernan,541650,246,10.9,34.1,109.6,87.3,91.2,85.5,441,170,409,79,32.1,12,4.9,3.6
Duvall, Adam,594807,268,22.5,31.0,109.6,89.0,93.4,85.6,441,201,392,109,40.7,28,10.4,6.6
Benintendi, Andrew,643217,482,12.6,37.6,109.5,88.4,91.9,84.8,437,182,394,161,33.4,31,6.4,4.7
Rosario, Amed,642708,441,7.2,32.7,109.5,87.3,90.4,85.9,437,151,405,141,32.0,17,3.9,2.9
Choo, Shin-Soo,425783,407,6.0,36.1,109.5,89.0,95.2,83.7,447,163,403,163,40.0,45,11.1,6.8
Carpenter, Matt,572761,410,20.3,44.4,109.5,89.6,94.4,80.9,432,231,389,183,44.6,56,13.7,8.3
Castro, Starlin,516770,475,8.4,32.0,109.4,88.5,91.9,87.1,427,154,400,172,36.2,33,6.9,5.1
Gregorius, Didi,544369,445,15.6,32.8,109.4,86.5,90.8,84.5,430,180,379,136,30.6,21,4.7,3.7
Torres, Gleyber,650402,315,18.8,38.7,109.4,88.7,91.2,86.8,444,196,396,116,36.8,29,9.2,6.0
Eaton, Adam,594809,257,7.2,33.9,109.4,85.8,90.3,82.9,408,152,396,78,30.4,8,3.1,2.2
Calhoun, Kole,594777,364,11.9,34.3,109.4,90.4,94.4,86.4,436,181,403,156,42.9,34,9.3,6.2
Hernandez, Cesar,514917,454,9.4,30.0,109.4,84.2,88.8,81.3,441,159,393,126,27.8,19,4.2,2.7
Smith, Kevan,607345,154,0.3,26.0,109.3,87.9,93.0,85.6,438,126,412,54,35.1,7,4.5,3.7
Adams, Matt,571431,233,19.1,35.6,109.3,88.7,94.6,83.5,460,193,396,92,39.5,24,10.3,7.1
Mahtook, Mikie,543484,160,12.1,28.1,109.3,87.6,93.1,84.1,445,162,399,56,35.0,10,6.3,4.0
Delmonico, Nicky,547170,205,14.6,34.6,109.3,86.8,90.0,85.5,410,175,386,70,34.1,12,5.9,3.8
LeMahieu, DJ,518934,460,5.7,31.3,109.3,91.1,93.2,89.6,439,163,399,197,42.8,24,5.2,4.1
Markakis, Nick,455976,552,10.1,38.4,109.3,90.6,92.2,90.2,429,170,398,229,41.5,17,3.1,2.4
Hundley, Nick,460026,197,15.6,38.6,109.2,88.9,92.2,86.4,432,175,377,78,39.6,13,6.6,4.3
Beltre, Adrian,134181,345,13.7,39.7,109.2,88.7,91.8,85.6,439,187,399,127,36.8,22,6.4,4.6
Arenado, Nolan,571448,475,15.4,35.8,109.2,89.7,94.4,85.8,464,184,408,192,40.4,35,7.4,5.2
Gamel, Ben,592325,197,7.2,36.0,109.1,88.7,90.6,87.0,402,155,369,66,33.5,6,3.0,2.0
Kingery, Scott,664068,331,16.8,38.7,109.1,85.5,90.3,79.3,405,187,378,103,31.1,17,5.1,3.5
Kratz, Erik,456124,166,12.7,28.3,109.1,89.5,92.1,88.3,433,168,404,65,39.2,8,4.8,3.7
Gomes, Yan,543228,287,18.5,42.2,109.1,88.9,92.3,85.1,435,199,392,110,38.3,24,8.4,5.5
Bruce, Jay,457803,244,21.4,37.7,109.0,88.3,92.6,84.0,412,205,390,84,34.4,22,9.0,6.1
Gordon, Alex,460086,383,11.0,35.8,109.0,88.5,93.4,84.4,422,169,399,151,39.4,25,6.5,4.4
Mesoraco, Devin,519023,193,20.6,26.9,109.0,86.5,92.0,82.9,416,171,393,54,28.0,12,6.2,4.4
Polanco, Jorge,593871,244,15.5,37.7,109.0,83.8,88.6,79.8,411,179,379,68,27.9,9,3.7,2.7
Pearce, Steve,456665,176,12.0,35.8,109.0,89.3,94.7,84.9,438,177,392,68,38.6,20,11.4,8.0
Maldonado, Martin,455117,279,14.1,31.5,108.9,84.7,89.6,81.4,425,167,397,74,26.5,14,5.0,3.5
Crawford, Brandon,543063,414,11.1,37.4,108.8,87.3,90.6,85.6,436,167,388,137,33.1,16,3.9,2.7
Garcia, Leury,544725,194,5.3,34.0,108.8,85.7,90.9,82.0,421,142,399,61,31.4,5,2.6,1.8
Escobar, Eduardo,500871,448,18.8,39.5,108.8,86.6,90.8,82.4,447,197,400,122,27.2,37,8.3,5.9
Peraza, Jose,606299,570,13.4,38.2,108.7,83.9,87.1,81.3,426,177,391,134,23.5,14,2.5,2.0
Martin, Russell,431145,207,10.1,22.7,108.7,90.6,95.4,90.1,424,147,389,89,43.0,13,6.3,3.7
Grossman, Robbie,543257,320,14.5,34.4,108.6,86.8,89.6,85.5,422,173,394,88,27.5,7,2.2,1.5
Cabrera, Melky,466320,217,9.4,33.6,108.6,90.4,90.5,92.4,407,155,386,89,41.0,5,2.3,1.8
Brantley, Michael,488726,517,9.5,39.1,108.6,89.9,91.9,89.0,424,169,392,194,37.5,19,3.7,3.0
Pollock, A.J.,572041,321,13.2,31.5,108.6,89.0,93.7,84.5,455,183,405,130,40.5,32,10.0,7.0
Jackson, Austin,457706,215,10.6,34.0,108.6,86.8,90.4,84.4,419,158,404,70,32.6,6,2.8,1.6
Reyes, Victor,622682,168,6.0,31.5,108.5,84.0,88.4,81.6,399,138,390,44,26.2,5,3.0,2.3
Gennett, Scooter,571697,467,13.2,37.7,108.5,86.7,91.0,82.5,420,179,377,149,31.9,28,6.0,4.4
Flores, Wilmer,527038,353,17.0,33.1,108.5,86.5,89.8,85.8,422,180,384,94,26.6,10,2.8,2.3
Hernandez, Gorkys,491676,307,11.8,30.0,108.5,86.2,92.4,83.1,433,148,403,109,35.5,23,7.5,5.1
Canha, Mark,592192,279,15.5,36.6,108.5,87.0,92.7,83.0,434,183,400,96,34.4,25,9.0,6.1
Swanson, Dansby,621020,365,12.9,32.1,108.5,86.8,91.9,83.2,438,168,399,124,34.0,15,4.1,2.8
Mondesi, Adalberto,609275,202,11.8,31.7,108.4,87.3,94.5,81.0,437,176,411,71,35.1,21,10.4,7.2
Cabrera, Asdrubal,452678,429,14.3,33.1,108.3,89.5,93.5,86.7,425,179,385,166,38.7,31,7.2,5.2
Hedges, Austin,595978,214,15.8,30.8,108.2,85.4,92.0,80.5,421,179,393,64,29.9,14,6.5,4.3
Russell, Addison,608365,324,12.0,36.7,108.2,86.3,90.0,83.8,409,174,379,86,26.5,7,2.2,1.5
White, Tyler,643603,162,17.1,31.5,108.2,89.1,93.7,85.5,417,190,382,59,36.4,15,9.3,6.3
Culberson, Charlie,518586,212,7.3,33.5,108.2,84.2,90.6,80.8,413,148,394,65,30.7,11,5.2,3.4
Panik, Joe,605412,333,9.8,32.4,108.1,86.5,88.4,86.4,400,154,374,98,29.4,9,2.7,2.3
Rosario, Eddie,592696,458,17.4,33.2,108.1,87.3,92.5,82.0,418,187,378,152,33.2,38,8.3,6.4
Posey, Buster,457763,347,10.3,35.2,108.1,89.1,91.9,87.0,421,165,398,121,34.9,18,5.2,4.0
Jones, Adam,430945,491,13.0,35.6,108.1,88.0,91.6,86.2,422,173,396,162,33.0,23,4.7,3.8
Span, Denard,452655,365,12.6,36.7,108.1,86.5,89.3,85.2,415,169,391,108,29.6,10,2.7,2.0
Lowrie, Jed,476704,471,17.1,38.2,108.1,89.1,92.0,86.2,412,198,380,177,37.6,25,5.3,3.7
Joyce, Matt,459964,157,14.4,38.2,107.9,87.1,92.8,79.6,416,185,398,50,31.8,11,7.0,4.5
Kiner-Falefa, Isiah,643396,300,6.1,28.7,107.9,83.8,86.2,83.2,393,132,373,71,23.7,2,0.7,0.5
Bird, Greg,595885,198,18.9,33.8,107.9,86.9,93.6,79.2,407,197,381,66,33.3,21,10.6,6.8
Gurriel, Yuli,493329,481,11.6,32.6,107.9,89.3,89.7,91.1,427,166,378,174,36.2,9,1.9,1.6
Moran, Colin,592567,340,10.6,38.2,107.8,88.0,92.4,84.6,416,165,399,120,35.3,18,5.3,3.9
Gyorko, Jedd,576397,278,15.2,35.6,107.7,87.3,92.1,81.8,425,181,390,87,31.3,21,7.6,5.2
Peterson, Jace,607054,154,10.0,31.8,107.7,86.6,91.3,82.6,415,155,400,49,31.8,5,3.2,2.0
Hanson, Alen,593700,229,12.8,32.8,107.7,82.8,86.9,79.8,413,156,384,49,21.4,9,3.9,2.9
Bregman, Alex,608324,512,16.9,37.9,107.6,89.3,93.5,86.0,420,190,384,204,39.8,39,7.6,5.5
Martinez, Victor,400121,425,14.0,35.3,107.6,87.8,90.9,85.5,416,180,384,129,30.4,20,4.7,3.9
Belt, Brandon,474832,294,22.6,43.9,107.6,86.2,90.5,79.6,429,217,389,93,31.6,31,10.5,6.8
Mauer, Joe,408045,404,4.5,37.4,107.6,90.7,94.9,87.6,427,154,406,174,43.1,20,5.0,3.7
Spangenberg, Cory,605486,193,6.1,34.7,107.6,86.4,93.1,81.2,413,158,386,74,38.3,11,5.7,3.3
Valbuena, Luis,472528,168,18.0,29.8,107.6,89.0,92.7,85.3,440,191,410,68,40.5,17,10.1,5.9
Votto, Joey,458015,405,13.3,45.9,107.5,88.1,92.5,81.4,417,192,383,141,34.8,27,6.7,4.3
Fowler, Dexter,451594,218,12.6,30.7,107.5,85.3,89.1,82.6,404,171,377,61,28.0,7,3.2,2.1
Zobrist, Ben,450314,403,8.5,35.0,107.5,89.4,91.7,87.9,423,162,386,153,38.0,12,3.0,2.3
Kipnis, Jason,543401,422,17.0,34.6,107.4,86.1,90.5,81.6,417,191,382,128,30.3,28,6.6,4.7
Arcia, Orlando,606115,263,3.3,24.3,107.4,85.6,90.6,83.7,403,121,384,76,28.9,6,2.3,1.6
Reyes, Jose,408314,190,12.4,28.4,107.3,84.5,89.0,82.4,413,149,381,45,23.7,5,2.6,2.0
Chirinos, Robinson,455139,222,21.6,36.5,107.3,87.8,93.3,80.6,456,206,393,87,39.2,24,10.8,5.6
Molina, Yadier,425877,399,15.4,37.6,107.2,88.1,92.3,84.3,438,184,394,134,33.6,22,5.5,4.4
Semien, Marcus,543760,510,15.2,34.9,107.1,86.7,91.3,83.0,428,177,393,163,32.0,22,4.3,3.1
Owings, Chris,572008,208,12.9,33.2,107.1,87.4,92.2,83.0,419,175,404,70,33.7,12,5.8,3.9
Adrianza, Ehire,501303,259,14.4,34.4,107.1,84.7,90.3,78.9,405,182,387,79,30.5,13,5.0,3.6
Wong, Kolten,543939,302,6.8,26.5,107.1,84.4,91.1,80.1,409,149,386,93,30.8,10,3.3,2.5
Cozart, Zack,446359,185,17.1,39.5,107.0,85.4,88.4,84.6,397,179,384,51,27.6,4,2.2,1.6
Walker, Neil,435522,264,13.1,42.8,107.0,87.6,92.4,82.0,436,192,402,88,33.3,16,6.1,4.0
Dyson, Jarrod,502481,176,7.3,28.4,107.0,81.1,88.2,76.1,408,141,385,34,19.3,3,1.7,1.3
Ervin, Phillip,640447,162,16.2,37.7,107.0,85.4,90.8,80.6,427,177,394,56,34.6,7,4.3,2.8
Robertson, Daniel,621002,207,7.7,31.9,107.0,86.6,90.4,84.8,431,146,397,72,34.8,11,5.3,3.2
Murphy, Daniel,502517,291,16.3,42.3,106.9,87.6,89.4,87.2,425,195,394,83,28.5,14,4.8,4.0
Leon, Sandy,506702,194,15.5,29.9,106.7,83.6,88.3,79.6,401,175,393,50,25.8,9,4.6,3.1
Bonifacio, Jorge,593528,168,18.4,39.9,106.6,85.3,88.6,81.9,410,188,375,48,28.6,13,7.7,4.8
Lucroy, Jonathan,518960,357,13.4,37.0,106.6,86.7,90.1,85.3,408,169,386,98,27.5,8,2.2,1.8
Dahl, David,621311,183,13.8,35.0,106.6,88.7,93.0,84.7,438,190,408,71,38.8,17,9.3,6.3
Rojas, Miguel,500743,426,8.9,35.4,106.6,84.1,87.2,83.2,431,145,390,101,23.7,4,0.9,0.8
Barnhart, Tucker,571466,370,11.7,35.7,106.6,85.9,90.9,82.5,421,162,382,112,30.3,13,3.5,2.5
Machado, Dixon,553988,175,10.8,33.7,106.6,84.9,89.6,82.1,387,158,377,45,25.7,6,3.4,2.6
Turner, Justin,457759,313,18.3,45.0,106.5,89.3,91.5,86.9,430,204,399,115,36.7,24,7.7,5.6
Rodriguez, Ronny,500135,154,11.2,27.9,106.5,83.9,90.3,79.8,402,159,377,46,29.9,6,3.9,2.9
Iglesias, Jose,578428,390,11.9,31.5,106.5,84.4,88.2,83.2,402,154,386,87,22.3,5,1.3,1.1
Merrifield, Whit,593160,526,16.6,41.1,106.4,86.5,91.1,82.1,430,184,400,163,31.0,24,4.6,3.4
Granderson, Curtis,434158,239,16.3,45.2,106.4,88.3,92.3,82.3,413,201,381,82,34.3,15,6.3,3.7
DeShields, Delino,592261,262,3.7,27.9,106.3,79.6,86.9,75.1,386,143,374,38,14.5,3,1.1,0.8
Prado, Martin,445988,162,9.1,34.0,106.2,87.5,87.7,88.2,400,155,374,42,25.9,4,2.5,1.9
Ahmed, Nick,605113,413,11.3,36.3,106.2,86.5,91.5,81.8,438,175,393,124,30.0,21,5.1,3.7
Kinsler, Ian,435079,426,17.8,36.6,106.1,85.3,89.0,83.4,412,177,389,109,25.6,13,3.1,2.4
Forsythe, Logan,523253,289,10.4,29.4,106.1,87.3,89.6,86.4,423,151,393,86,29.8,3,1.0,0.7
Riddle, JT,595375,245,7.3,34.3,106.1,87.0,91.9,84.2,420,151,391,71,29.0,13,5.3,3.9
Sucre, Jesus,491696,159,9.7,28.9,106.1,84.7,85.9,85.5,383,154,383,39,24.5,1,0.6,0.5
Suzuki, Kurt,435559,310,18.2,33.2,106.0,87.2,91.2,84.0,415,182,382,107,34.5,12,3.9,3.1
Holt, Brock,571788,250,6.3,33.2,105.9,87.7,91.4,85.6,426,152,402,77,30.8,9,3.6,2.5
Hechavarria, Adeiny,588751,247,13.4,34.8,105.9,86.6,89.6,84.5,403,176,380,82,33.2,6,2.4,1.9
Reddick, Josh,502210,359,18.1,32.0,105.9,85.2,89.9,81.9,434,179,378,93,25.9,14,3.9,2.9
Galvis, Freddy,520471,462,13.2,32.7,105.8,87.5,91.8,83.7,419,176,382,131,28.4,18,3.9,2.7
Heredia, Guillermo,628338,249,9.2,31.3,105.7,83.9,89.4,80.0,404,161,367,68,27.3,7,2.8,2.1
Allen, Greg,656185,212,6.5,35.4,105.7,84.7,88.0,82.0,389,155,388,64,30.2,3,1.4,1.0
McNeil, Jeff,643446,205,14.0,32.2,105.6,85.2,90.1,82.6,399,168,391,59,28.8,5,2.4,2.0
Frazier, Adam,624428,267,10.0,34.5,105.5,87.6,90.3,86.1,413,163,383,82,30.7,11,4.1,3.1
Parra, Gerardo,467827,331,8.0,34.7,105.5,85.3,90.2,81.9,433,156,402,87,26.3,9,2.7,2.0
Descalso, Daniel,518614,246,19.1,41.9,105.5,89.0,92.3,85.9,432,210,385,85,34.6,25,10.2,5.9
Escobar, Alcides,444876,423,9.5,30.5,105.5,83.1,88.2,79.4,391,155,382,89,21.0,9,2.1,1.7
Field, Johnny,608654,151,12.7,36.4,105.3,85.6,91.2,81.1,425,181,391,46,30.5,8,5.3,3.4
Vazquez, Christian,543877,211,12.6,32.7,105.2,87.1,87.9,88.8,392,166,382,59,28.0,4,1.9,1.5
Harrison, Josh,543281,283,14.9,36.0,105.1,84.6,90.2,78.8,421,180,386,73,25.8,11,3.9,2.9
Joseph, Caleb,543376,199,12.6,38.7,105.0,84.6,89.4,80.5,399,172,382,58,29.1,2,1.0,0.7
Jay, Jon,445055,440,3.2,31.8,105.0,84.1,89.0,81.1,413,131,387,95,21.6,8,1.8,1.4
Inciarte, Ender,542255,519,10.0,32.8,105.0,83.7,88.0,80.6,433,156,380,98,18.9,8,1.5,1.2
Duffy, Matt,622110,413,4.6,33.7,104.9,86.6,90.0,84.8,410,134,402,115,27.8,5,1.2,0.9
Dozier, Brian,572821,429,17.8,31.0,104.8,86.7,91.6,82.6,409,179,379,122,28.4,27,6.3,4.3
Smith, Mallex,605480,391,2.6,32.5,104.7,84.1,89.0,80.4,412,143,393,89,22.8,6,1.5,1.1
Gordon, Dee,543829,490,3.5,30.4,104.7,80.6,85.2,78.3,388,129,365,62,12.7,1,0.2,0.2
McCann, Brian,435263,151,23.1,36.4,104.5,86.0,89.3,84.0,410,192,389,39,25.8,5,3.3,2.3
Davis, Rajai,434658,153,9.3,31.4,104.4,82.6,87.3,79.6,397,148,352,41,26.8,2,1.3,0.9
Jankowski, Travis,608671,276,1.9,28.3,104.3,83.6,85.9,82.8,415,119,385,54,19.6,2,0.7,0.5
Difo, Wilmer,594694,333,11.8,34.5,104.3,82.1,87.0,78.2,403,156,380,63,18.9,8,2.4,1.8
Rickard, Joey,572073,158,17.4,35.4,104.1,84.5,90.2,79.0,410,184,389,32,20.3,6,3.8,2.6
Fletcher, David,664058,255,12.8,36.1,103.7,83.3,85.5,83.5,393,163,393,52,20.4,1,0.4,0.3
Wolters, Tony,547172,151,5.0,24.5,103.4,84.3,88.4,83.3,418,132,396,32,21.2,5,3.3,2.3
Narvaez, Omar,553882,217,13.0,43.8,102.5,85.1,89.4,81.4,407,173,380,53,24.4,6,2.8,1.9
Hamilton, Billy,571740,376,14.3,36.7,101.9,79.3,83.0,76.2,392,159,375,32,8.5,2,0.5,0.4
Kemp, Tony,643393,215,10.8,34.4,100.2,82.6,88.7,77.2,396,160,361,38,17.7,1,0.5,0.3